run_id	network.params.seed
graph_001	4156237259
graph_002	3437877421
graph_003	530970129
graph_004	3104819919
graph_005	3182897380
graph_006	3625198992
graph_007	149916574
graph_008	2398183240
graph_009	236395617
graph_010	1421753993
graph_011	515439033
graph_012	3301916828
graph_013	3535280606
graph_014	1764437490
graph_015	308142005
graph_016	1250979745
graph_017	392909123
graph_018	2420135853
graph_019	3062246378
graph_020	3067088095
graph_021	3750597168
graph_022	4194866282
graph_023	2392686324
graph_024	3299408607
graph_025	3016212219
graph_026	2240842640
graph_027	862751549
graph_028	2632494665
graph_029	2905591277
graph_030	259974759
graph_031	2169412256
graph_032	2536732184
graph_033	3650224811
graph_034	709217606
graph_035	2469213514
graph_036	72121836
graph_037	2524732162
graph_038	434568606
graph_039	3515686018
graph_040	1799085267
graph_041	3456372818
graph_042	3656938066
graph_043	11035501
graph_044	1374749924
graph_045	67299878
graph_046	695934533
graph_047	3317451681
graph_048	4285883946
graph_049	569016107
graph_050	2184313788
graph_051	1572421266
graph_052	1467329264
graph_053	734187048
graph_054	1240432576
graph_055	2978000697
graph_056	561099760
graph_057	507142558
graph_058	2640553510
graph_059	135637671
graph_060	958772498
graph_061	3349090648
graph_062	3434376794
graph_063	2169263375
graph_064	46106370
graph_065	3942462414
graph_066	3113674197
graph_067	321786369
graph_068	2716976015
graph_069	3978593235
graph_070	3939475656
graph_071	3835827629
graph_072	3534994295
graph_073	2823384857
graph_074	4111885407
graph_075	2348286371
graph_076	3290395449
graph_077	3060571322
graph_078	311154251
graph_079	2629328519
graph_080	672411478
graph_081	3817176434
graph_082	2309604535
graph_083	4113314612
graph_084	2188309113
graph_085	2740298450
graph_086	2973325739
graph_087	2897065914
graph_088	2563042072
graph_089	1878848280
graph_090	1452202585
graph_091	4061470318
graph_092	2589370720
graph_093	805859035
graph_094	3714159803
graph_095	1246307129
graph_096	1784148280
graph_097	4082664880
graph_098	411807564
graph_099	2176366048
graph_100	3000241208
graph_101	3553007407
graph_102	3536155249
graph_103	1900509649
graph_104	1135676673
graph_105	3637218218
graph_106	2052312228
graph_107	2215828957
graph_108	1842280348
graph_109	39589284
graph_110	1999085328
graph_111	3484942672
graph_112	108548793
graph_113	1114261864
graph_114	3103343212
graph_115	300246930
graph_116	978336965
graph_117	794217199
graph_118	3835709932
graph_119	298284371
graph_120	3246275287
graph_121	1825195332
graph_122	2460590808
graph_123	687026845
graph_124	1373213343
graph_125	904201801
graph_126	997162769
graph_127	1011601992
graph_128	3115830245
graph_129	800737596
graph_130	2236287214
graph_131	2413758883
graph_132	3207893569
graph_133	712130701
graph_134	1303040251
graph_135	3068417196
graph_136	4267218400
graph_137	1423077971
graph_138	2959827929
graph_139	1220590893
graph_140	741378885
graph_141	4061299083
graph_142	731122756
graph_143	2592026764
graph_144	956988064
graph_145	3174078121
graph_146	2623501717
graph_147	859732031
graph_148	1988867831
graph_149	2592390593
graph_150	3345896123
graph_151	1099263670
graph_152	2413451869
graph_153	4028504956
graph_154	1207116660
graph_155	590892845
graph_156	1518538080
graph_157	3239146753
graph_158	93501714
graph_159	2674054089
graph_160	918734630
graph_161	178442167
graph_162	3956465947
graph_163	1811531829
graph_164	647716848
graph_165	792045066
graph_166	2348297266
graph_167	2809665890
graph_168	2353611427
graph_169	1792703055
graph_170	4288271253
graph_171	3721679035
graph_172	3915894292
graph_173	2330465766
graph_174	3558529483
graph_175	699469663
graph_176	3270894913
graph_177	2023053136
graph_178	3075550443
graph_179	2726322813
graph_180	2169864068
graph_181	1176871909
graph_182	955840386
graph_183	273207575
graph_184	3117174413
graph_185	218414749
graph_186	763884086
graph_187	274702129
graph_188	2859861437
graph_189	3385214440
graph_190	972651040
graph_191	1303252663
graph_192	2376818247
graph_193	2866521406
graph_194	975592489
graph_195	2786319942
graph_196	2858366838
graph_197	2324040321
graph_198	1795554410
graph_199	175387621
graph_200	1050165295
graph_201	1630519458
graph_202	3918107668
graph_203	2240999805
graph_204	2444824093
graph_205	3310781991
graph_206	2171800192
graph_207	542958653
graph_208	2221996543
graph_209	2085022871
graph_210	3552052635
graph_211	628971036
graph_212	1780157774
graph_213	2828773949
graph_214	2052541772
graph_215	2571480088
graph_216	2874616251
graph_217	353261397
graph_218	3109839655
graph_219	2822193865
graph_220	933209139
graph_221	513982754
graph_222	3753428039
graph_223	3612639851
graph_224	965503521
graph_225	472410527
graph_226	2485985838
graph_227	1360508849
graph_228	1016292825
graph_229	1985093997
graph_230	772582613
graph_231	2112242867
graph_232	781276301
graph_233	2275059243
graph_234	1230268176
graph_235	792605670
graph_236	578127007
graph_237	2439844415
graph_238	4111029867
graph_239	73748777
graph_240	3974787758
graph_241	2895245192
graph_242	3366078546
graph_243	2763716851
graph_244	264061664
graph_245	1609946119
graph_246	3721416026
graph_247	2278120656
graph_248	2063378507
graph_249	3848305119
graph_250	449952546
graph_251	1327592800
graph_252	1095388308
graph_253	4028629411
graph_254	481623852
graph_255	1996640077
graph_256	3196842283
graph_257	3309779542
graph_258	3690159798
graph_259	469597187
graph_260	3650739137
graph_261	3646543687
graph_262	3889693515
graph_263	4250078428
graph_264	2558624494
graph_265	2028172570
graph_266	3295523805
graph_267	967634745
graph_268	3629684924
graph_269	806974748
graph_270	508856929
graph_271	4130401090
graph_272	2586243871
graph_273	2992455333
graph_274	1832374677
graph_275	3981809560
graph_276	3960943035
graph_277	2581751200
graph_278	1236258460
graph_279	2338638313
graph_280	3749112848
graph_281	4127772280
graph_282	4012610904
graph_283	1086088848
graph_284	1045093353
graph_285	2533261419
graph_286	1411123313
graph_287	2191927403
graph_288	3805414312
graph_289	3586832716
graph_290	3851842013
graph_291	2831300731
graph_292	3487244612
graph_293	3403514507
graph_294	1613095317
graph_295	1247384686
graph_296	3974375339
graph_297	3913669085
graph_298	4108129339
graph_299	722767073
graph_300	3613045027
graph_301	3044809100
graph_302	1218488754
graph_303	1097067871
graph_304	2650282406
graph_305	276748677
graph_306	3492601735
graph_307	2321820735
graph_308	753480738
graph_309	3241725823
graph_310	1132004387
graph_311	3558004069
graph_312	1985456844
graph_313	3555797677
graph_314	204661523
graph_315	1503082396
graph_316	752497944
graph_317	2315125851
graph_318	1936570821
graph_319	1490096667
graph_320	1189032567
graph_321	1469138697
graph_322	3219894274
graph_323	596005348
graph_324	3532517499
graph_325	1599023961
graph_326	583069379
graph_327	288732419
graph_328	3403762541
graph_329	89161174
graph_330	3414212391
graph_331	926551183
graph_332	157391729
graph_333	1903233489
graph_334	3708884854
graph_335	1881025328
graph_336	1281802971
graph_337	178059680
graph_338	262754962
graph_339	562041504
graph_340	3919873806
graph_341	497618228
graph_342	2724631523
graph_343	92453931
graph_344	3188632681
graph_345	1318018487
graph_346	2202340290
graph_347	976646044
graph_348	4173040701
graph_349	2114247457
graph_350	19098050
graph_351	91759683
graph_352	3234421380
graph_353	2971481130
graph_354	1386541861
graph_355	478703598
graph_356	2707109691
graph_357	1712120743
graph_358	1330627316
graph_359	468345440
graph_360	4045479760
graph_361	582935521
graph_362	2976326751
graph_363	1367855532
graph_364	240042341
graph_365	1745589833
graph_366	1560534195
graph_367	1628454741
graph_368	2774508443
graph_369	3896987905
graph_370	2630612994
graph_371	1621779706
graph_372	195847862
graph_373	3538273097
graph_374	1093867203
graph_375	1262948841
graph_376	2223301999
graph_377	3986920961
graph_378	1200727948
graph_379	1875005662
graph_380	3145620755
graph_381	3674201233
graph_382	2663189211
graph_383	4192150673
graph_384	1354838174
graph_385	2797072444
graph_386	4036956275
graph_387	3419768644
graph_388	2521967020
graph_389	159299199
graph_390	3510968620
graph_391	665830789
graph_392	534991826
graph_393	84228374
graph_394	1830493148
graph_395	2898378610
graph_396	2093228180
graph_397	3077567282
graph_398	962144780
graph_399	1293455735
graph_400	535667805
graph_401	2638255660
graph_402	2832736740
graph_403	941708469
graph_404	954835374
graph_405	1605968809
graph_406	4193785509
graph_407	4240958086
graph_408	467194340
graph_409	2844145164
graph_410	2913882398
graph_411	3409507560
graph_412	1058573255
graph_413	656562734
graph_414	4151819291
graph_415	1474031124
graph_416	262476920
graph_417	994197103
graph_418	2217502888
graph_419	3661921221
graph_420	266598388
graph_421	3052401326
graph_422	2869432717
graph_423	3602819089
graph_424	1615506854
graph_425	2600301895
graph_426	3434578259
graph_427	2924444076
graph_428	2239650366
graph_429	1966490539
graph_430	643545528
graph_431	3445441112
graph_432	3195271284
graph_433	60877870
graph_434	3641958251
graph_435	786913632
graph_436	3957003071
graph_437	657518058
graph_438	2051978771
graph_439	1608967749
graph_440	421010065
graph_441	651778868
graph_442	1316782312
graph_443	2676467321
graph_444	1456502804
graph_445	898654658
graph_446	586216962
graph_447	1922386996
graph_448	1923262994
graph_449	3072398465
graph_450	1639824760
graph_451	3526734440
graph_452	3846376978
graph_453	2558318807
graph_454	1984908743
graph_455	832989609
graph_456	2247577101
graph_457	2045738935
graph_458	1638056560
graph_459	1169587565
graph_460	2587927060
graph_461	590076775
graph_462	2207502749
graph_463	2700728157
graph_464	3937167324
graph_465	2141320877
graph_466	2110331122
graph_467	1126783792
graph_468	2615393284
graph_469	2216815157
graph_470	1387751458
graph_471	2572846447
graph_472	2821377633
graph_473	3225044589
graph_474	3424305402
graph_475	227427704
graph_476	1473410364
graph_477	626333666
graph_478	3038890304
graph_479	1929014493
graph_480	1566845719
graph_481	2902735828
graph_482	369384653
graph_483	4138124949
graph_484	2527110718
graph_485	3890092275
graph_486	1243008152
graph_487	1214907617
graph_488	2873785762
graph_489	37950427
graph_490	1390539710
graph_491	1672463302
graph_492	1198474338
graph_493	1477118051
graph_494	23803177
graph_495	1911794919
graph_496	2676426114
graph_497	2081844732
graph_498	904144148
graph_499	163440517
graph_500	2174065906
graph_501	3531451259
graph_502	915786094
graph_503	1094376695
graph_504	3153656089
graph_505	3703846178
graph_506	256499467
graph_507	3555258342
graph_508	1986849217
graph_509	788222797
graph_510	389057461
graph_511	4203457828
graph_512	844558185
graph_513	2686431770
graph_514	3380115583
graph_515	3460498779
graph_516	1313063852
graph_517	90225041
graph_518	2248063358
graph_519	3632653143
graph_520	426085373
graph_521	4273692982
graph_522	1183164016
graph_523	30817583
graph_524	1754298836
graph_525	1009076930
graph_526	549574676
graph_527	2096459896
graph_528	3867764337
graph_529	1283651186
graph_530	3580811421
graph_531	2692487698
graph_532	1288592094
graph_533	3007150469
graph_534	4221107717
graph_535	2799446140
graph_536	3513944768
graph_537	3427926666
graph_538	1879862927
graph_539	1339922241
graph_540	1978486945
graph_541	187834273
graph_542	1981111014
graph_543	799615101
graph_544	2917191532
graph_545	1611187023
graph_546	190500811
graph_547	2372688004
graph_548	240896125
graph_549	2933367114
graph_550	120487036
graph_551	3274404944
graph_552	2064337220
graph_553	1299052084
graph_554	2268818724
graph_555	2990352318
graph_556	361291134
graph_557	1641871244
graph_558	4127282892
graph_559	545678948
graph_560	2716474607
graph_561	499975109
graph_562	997783798
graph_563	1291254771
graph_564	986186079
graph_565	1709765398
graph_566	371205349
graph_567	3760798675
graph_568	2729226502
graph_569	1382436507
graph_570	2585499031
graph_571	2074135573
graph_572	726869145
graph_573	284330236
graph_574	2171010680
graph_575	3850970530
graph_576	570239323
graph_577	1445088716
graph_578	2548161776
graph_579	169964821
graph_580	3165075873
graph_581	729403945
graph_582	970200777
graph_583	797355260
graph_584	2229383182
graph_585	2940414909
graph_586	1955411989
graph_587	4188628043
graph_588	3972075124
graph_589	1680045137
graph_590	2582541631
graph_591	2972230846
graph_592	2176610065
graph_593	2615579662
graph_594	3722273687
graph_595	1022358508
graph_596	243837828
graph_597	2330099028
graph_598	218710652
graph_599	1400183481
graph_600	3172400450
graph_601	974382598
graph_602	3338635182
graph_603	2499512027
graph_604	3438588566
graph_605	1628438860
graph_606	1540666971
graph_607	655393727
graph_608	4054155899
graph_609	1055697121
graph_610	2025524946
graph_611	2988954251
graph_612	3921291041
graph_613	3749925988
graph_614	1789427403
graph_615	2378399308
graph_616	3837013306
graph_617	2684444435
graph_618	2744008135
graph_619	1672630922
graph_620	1512187376
graph_621	3670610819
graph_622	2602988530
graph_623	1968772495
graph_624	3844478226
graph_625	1325461556
graph_626	1168973717
graph_627	3306570012
graph_628	238043952
graph_629	2927801408
graph_630	169889686
graph_631	1205921211
graph_632	1036852290
graph_633	2049607751
graph_634	3764268228
graph_635	3139400950
graph_636	3220479513
graph_637	115610957
graph_638	2578733038
graph_639	2179100177
graph_640	1985995105
graph_641	1316098252
graph_642	4189668671
graph_643	3537182331
graph_644	3311557567
graph_645	2552041603
graph_646	3852375924
graph_647	2180984700
graph_648	1049521991
graph_649	1269140137
graph_650	3894683332
graph_651	3545424079
graph_652	2370088955
graph_653	3911156303
graph_654	171818496
graph_655	3234606600
graph_656	1115638025
graph_657	1362956887
graph_658	1895251663
graph_659	452709978
graph_660	2699645595
graph_661	3899714711
graph_662	90097877
graph_663	4209983871
graph_664	804531939
graph_665	116520416
graph_666	1180394857
graph_667	1388968110
graph_668	2759387045
graph_669	269182747
graph_670	4038299149
graph_671	2269738622
graph_672	47709498
graph_673	2897605547
graph_674	232176005
graph_675	3723509824
graph_676	2462321733
graph_677	2050409888
graph_678	1378135931
graph_679	11942441
graph_680	1484963494
graph_681	2002067739
graph_682	251564319
graph_683	1238278623
graph_684	1076054880
graph_685	3475427531
graph_686	300336245
graph_687	273972836
graph_688	341922193
graph_689	1246138054
graph_690	1967174114
graph_691	3988140737
graph_692	1963844298
graph_693	3876917328
graph_694	670673800
graph_695	775299978
graph_696	1810107407
graph_697	2882691935
graph_698	1871693767
graph_699	111284287
graph_700	3420149541
graph_701	298860490
graph_702	874500413
graph_703	297512516
graph_704	299607591
graph_705	2964679328
graph_706	1440108994
graph_707	389107493
graph_708	2586342125
graph_709	2731487434
graph_710	1978668369
graph_711	2705852417
graph_712	2520887071
graph_713	1644811170
graph_714	65491018
graph_715	3100236966
graph_716	301088622
graph_717	4103120881
graph_718	3234102266
graph_719	1297402241
graph_720	1746439792
graph_721	1418579338
graph_722	2669457298
graph_723	3676237034
graph_724	1262317241
graph_725	1424771568
graph_726	4246882442
graph_727	805338283
graph_728	1596446327
graph_729	4117343740
graph_730	305244440
graph_731	1204140170
graph_732	510395204
graph_733	3926950379
graph_734	3966037206
graph_735	2474547692
graph_736	3839172136
graph_737	3866367474
graph_738	2987629612
graph_739	3410897308
graph_740	3265409895
graph_741	2133486995
graph_742	4014622937
graph_743	4182172989
graph_744	3420587322
graph_745	581274765
graph_746	177195217
graph_747	3795533017
graph_748	4124639765
graph_749	1840592289
graph_750	583529213
graph_751	1416377437
graph_752	2584019884
graph_753	834802498
graph_754	2871963150
graph_755	3157599670
graph_756	581659007
graph_757	1043611826
graph_758	2187532431
graph_759	2068418140
graph_760	419812986
graph_761	1172840133
graph_762	2057135852
graph_763	1677176085
graph_764	633847840
graph_765	4220613304
graph_766	4185859629
graph_767	2323932614
graph_768	2367318314
graph_769	1463771211
graph_770	4255718625
graph_771	440221201
graph_772	2741214542
graph_773	776592893
graph_774	3189535199
graph_775	444539924
graph_776	3386685551
graph_777	4083359072
graph_778	1168832680
graph_779	2855504846
graph_780	134716390
graph_781	453722621
graph_782	365518629
graph_783	2556213036
graph_784	3632608092
graph_785	2755987809
graph_786	4016367203
graph_787	553066304
graph_788	4182702079
graph_789	420071687
graph_790	2326185101
graph_791	2836570234
graph_792	682467995
graph_793	1872411759
graph_794	1120629912
graph_795	3331125141
graph_796	1755007489
graph_797	1285497440
graph_798	1677820265
graph_799	2866773232
graph_800	2800117147
graph_801	3100081351
graph_802	174272803
graph_803	76554422
graph_804	2646321738
graph_805	1802714656
graph_806	3992780636
graph_807	3899230485
graph_808	1976883716
graph_809	1347711306
graph_810	2263960388
graph_811	681885221
graph_812	1037495313
graph_813	984394003
graph_814	4180577923
graph_815	637739706
graph_816	2211585173
graph_817	3468444033
graph_818	1768379277
graph_819	871180674
graph_820	630890448
graph_821	1440366756
graph_822	2281958256
graph_823	3353707181
graph_824	1566642717
graph_825	642313080
graph_826	2237092469
graph_827	2935021762
graph_828	977892383
graph_829	2446673225
graph_830	532386535
graph_831	232533720
graph_832	281878603
graph_833	4102063071
graph_834	889151125
graph_835	1327153131
graph_836	843180027
graph_837	978432464
graph_838	3557692966
graph_839	359103121
graph_840	832102415
graph_841	3839383663
graph_842	2054204459
graph_843	3857222022
graph_844	2416340642
graph_845	4236467582
graph_846	1940909742
graph_847	1693429017
graph_848	1588133131
graph_849	1096264060
graph_850	220052122
graph_851	3993911814
graph_852	3847155603
graph_853	2631314722
graph_854	2685826426
graph_855	3100471039
graph_856	1124911309
graph_857	3451075395
graph_858	1007610824
graph_859	3631417006
graph_860	2413405886
graph_861	3225108465
graph_862	2276809818
graph_863	207857897
graph_864	2069185087
graph_865	2715977948
graph_866	76897863
graph_867	3733081102
graph_868	3781575073
graph_869	3861580580
graph_870	3811415601
graph_871	2667594076
graph_872	750119976
graph_873	2412194401
graph_874	3282482716
graph_875	336034460
graph_876	3886308210
graph_877	3380816366
graph_878	2282633640
graph_879	1379395069
graph_880	684970889
graph_881	1651614840
graph_882	1586029874
graph_883	1494271591
graph_884	2217125020
graph_885	1329501811
graph_886	1622840729
graph_887	1434366411
graph_888	1813330414
graph_889	1145340431
graph_890	1167275283
graph_891	3322065030
graph_892	2168033485
graph_893	327574412
graph_894	333728618
graph_895	2262261804
graph_896	3170114415
graph_897	1656972361
graph_898	196560765
graph_899	2451258620
graph_900	668734016
graph_901	3131730907
graph_902	1531897272
graph_903	646064312
graph_904	66462385
graph_905	2067574859
graph_906	2782035335
graph_907	1540092626
graph_908	1539273310
graph_909	2633408204
graph_910	3857068947
graph_911	3291808967
graph_912	3147044697
graph_913	3754321431
graph_914	1134574321
graph_915	3683163955
graph_916	1807681644
graph_917	944338853
graph_918	194533795
graph_919	3752972156
graph_920	3296106800
graph_921	982030874
graph_922	3184464181
graph_923	2771708649
graph_924	2000635858
graph_925	4112390186
graph_926	1776604119
graph_927	3043344289
graph_928	3744189635
graph_929	3138795604
graph_930	830425135
graph_931	3716047022
graph_932	1131550935
graph_933	452485490
graph_934	2688252437
graph_935	1644559924
graph_936	938414591
graph_937	273385839
graph_938	3560141554
graph_939	488632641
graph_940	17418470
graph_941	90757091
graph_942	3269199948
graph_943	65095994
graph_944	3096719738
graph_945	1606160955
graph_946	999207737
graph_947	3537055441
graph_948	685248131
graph_949	307513101
graph_950	1034898420
graph_951	3338573200
graph_952	137303262
graph_953	1233552506
graph_954	3520318851
graph_955	534953050
graph_956	1348154622
graph_957	3963023434
graph_958	932074067
graph_959	710369496
graph_960	3803005294
graph_961	437644646
graph_962	3395229664
graph_963	154128612
graph_964	1838282946
graph_965	2853557572
graph_966	3076797426
graph_967	1472363982
graph_968	1389348579
graph_969	3933078803
graph_970	468145764
graph_971	3258567241
graph_972	2256997619
graph_973	2106681253
graph_974	2532010874
graph_975	945662281
graph_976	2408918183
graph_977	1218024916
graph_978	2014176022
graph_979	1824405329
graph_980	177393906
graph_981	2734800372
graph_982	427309855
graph_983	2992531037
graph_984	1142119940
graph_985	152085326
graph_986	293129709
graph_987	3427279825
graph_988	2790330336
graph_989	4010271301
graph_990	491377605
graph_991	1208003677
graph_992	1189156476
graph_993	2212576628
graph_994	1159727865
graph_995	1178239248
graph_996	1715170805
graph_997	1859213510
graph_998	732983971
graph_999	1115464082
graph_1000	664030085
